Level Type,Common 1,Common 2,Common 3,Rare
Howling Corridors,Mycelia Farm,Sculk Purifier,Deconstructor,Alchemy Cauldron
Frozen Halls,Potato Farm,Sculk Purifier,Research Table,Health Totem
Deep Crypt,Carrot Farm,Sculk Purifier,Storage Locker,Elevator Drill
Infernal Halls,Mycelia Farm,Forge,Speed Totem,Alchemy Cauldron
Factory,Potato Farm,Forge,Storage Locker,Elevator Drill
Backrooms,Carrot Farm,Forge,Research Table,Health Totem
Sewers,Mycelia Farm,Grindstone,Speed Totem,Alchemy Cauldron
Bunker,Potato Farm,Scanner,Deconstructor,Health Totem
Library,Carrot Farm,Grindstone,Scanner,Elevator Drill
